eta,Re1_c,Taylor,k_c
0.99,412.0414,1706.3128,3.12672
0.989,392.9,1707.4654,3.12674
0.988,376.2057,1708.6209,3.12675
0.987,361.4784,1709.7794,3.12677
0.986,348.3599,1710.9409,3.12679
0.985,336.5773,1712.1054,3.1268
0.984,325.9186,1713.273,3.12682
0.983,316.2158,1714.4436,3.12684
0.982,307.3341,1715.6173,3.12686
0.981,299.1641,1716.794,3.12687
0.98,291.6157,1717.9739,3.12689
0.979,284.6138,1719.1568,3.12691
0.978,278.0957,1720.3427,3.12693
0.977,272.0082,1721.5318,3.12694
0.976,266.3059,1722.7241,3.12696
0.975,260.9498,1723.9194,3.12698
0.974,255.9065,1725.1179,3.127
0.973,251.1466,1726.3196,3.12702
0.972,246.6446,1727.5244,3.12703
0.971,242.378,1728.7324,3.12705
0.97,238.3271,1729.9436,3.12707
0.969,234.4744,1731.158,3.12709
0.968,230.8041,1732.3756,3.12711
0.967,227.3025,1733.5964,3.12713
0.966,223.957,1734.8205,3.12715
0.965,220.7563,1736.0478,3.12717
0.964,217.6904,1737.2783,3.12719
0.963,214.75,1738.5122,3.12721
0.962,211.9269,1739.7493,3.12723
0.961,209.2134,1740.9897,3.12725
0.96,206.6028,1742.2334,3.12727
0.959,204.0886,1743.4805,3.12729
0.958,201.6652,1744.7309,3.12731
0.957,199.3271,1745.9846,3.12733
0.956,197.0696,1747.2417,3.12735
0.955,194.888,1748.5021,3.12737
0.954,192.7784,1749.766,3.12739
0.953,190.7368,1751.0332,3.12741
0.952,188.7596,1752.3038,3.12743
0.951,186.8436,1753.5779,3.12746
0.95,184.9856,1754.8554,3.12748
0.949,183.1829,1756.1363,3.1275
0.948,181.4327,1757.4207,3.12752
0.947,179.7327,1758.7086,3.12754
0.946,178.0803,1759.9999,3.12757
0.945,176.4735,1761.2948,3.12759
0.944,174.9102,1762.5931,3.12761
0.943,173.3885,1763.895,3.12763
0.942,171.9066,1765.2004,3.12766
0.941,170.4628,1766.5094,3.12768
0.94,169.0556,1767.8219,3.1277
0.939,167.6833,1769.138,3.12772
0.938,166.3446,1770.4577,3.12775
0.937,165.0382,1771.781,3.12777
0.936,163.7628,1773.108,3.1278
0.935,162.5172,1774.4385,3.12782
0.934,161.3002,1775.7727,3.12784
0.933,160.1108,1777.1106,3.12787
0.932,158.948,1778.4521,3.12789
0.931,157.8109,1779.7974,3.12792
0.93,156.6984,1781.1463,3.12794
0.929,155.6097,1782.4989,3.12797
0.928,154.544,1783.8553,3.12799
0.927,153.5005,1785.2154,3.12802
0.926,152.4784,1786.5793,3.12804
0.925,151.4771,1787.9469,3.12807
0.924,150.4959,1789.3184,3.12809
0.923,149.534,1790.6936,3.12812
0.922,148.5909,1792.0727,3.12814
0.921,147.666,1793.4555,3.12817
0.92,146.7587,1794.8423,3.12819
0.919,145.8684,1796.2329,3.12822
0.918,144.9947,1797.6273,3.12825
0.917,144.1371,1799.0257,3.12827
0.916,143.295,1800.428,3.1283
0.915,142.468,1801.8341,3.12833
0.914,141.6557,1803.2443,3.12836
0.913,140.8576,1804.6583,3.12838
0.912,140.0734,1806.0764,3.12841
0.911,139.3026,1807.4984,3.12844
0.91,138.5449,1808.9244,3.12847
0.909,137.8,1810.3544,3.12849
0.908,137.0674,1811.7885,3.12852
0.907,136.3468,1813.2266,3.12855
0.906,135.6379,1814.6688,3.12858
0.905,134.9405,1816.115,3.12861
0.904,134.2542,1817.5654,3.12864
0.903,133.5787,1819.0198,3.12866
0.902,132.9138,1820.4784,3.12869
0.901,132.2591,1821.9411,3.12872
0.9,131.6145,1823.408,3.12875
0.899,130.9797,1824.879,3.12878
0.898,130.3544,1826.3543,3.12881
0.897,129.7384,1827.8337,3.12884
0.896,129.1315,1829.3174,3.12887
0.895,128.5334,1830.8053,3.1289
0.894,127.944,1832.2975,3.12893
0.893,127.3631,1833.7939,3.12896
0.892,126.7905,1835.2947,3.12899
0.891,126.2259,1836.7997,3.12902
0.89,125.6692,1838.3091,3.12906
0.889,125.1202,1839.8228,3.12909
0.888,124.5788,1841.3409,3.12912
0.887,124.0447,1842.8633,3.12915
0.886,123.5179,1844.3902,3.12918
0.885,122.9981,1845.9214,3.12921
0.884,122.4852,1847.4571,3.12925
0.883,121.9791,1848.9973,3.12928
0.882,121.4796,1850.5419,3.12931
0.881,120.9865,1852.091,3.12934
0.88,120.4999,1853.6446,3.12938
0.879,120.0194,1855.2027,3.12941
0.878,119.545,1856.7653,3.12944
0.877,119.0766,1858.3326,3.12948
0.876,118.614,1859.9043,3.12951
0.875,118.1571,1861.4807,3.12954
0.874,117.7059,1863.0617,3.12958
0.873,117.2601,1864.6474,3.12961
0.872,116.8198,1866.2377,3.12965
0.871,116.3847,1867.8326,3.12968
0.87,115.9549,1869.4323,3.12972
0.869,115.5301,1871.0366,3.12975
0.868,115.1103,1872.6457,3.12979
0.867,114.6955,1874.2596,3.12982
0.866,114.2854,1875.8782,3.12986
0.865,113.8801,1877.5015,3.12989
0.864,113.4794,1879.1297,3.12993
0.863,113.0832,1880.7628,3.12996
0.862,112.6915,1882.4006,3.13
0.861,112.3043,1884.0434,3.13004
0.86,111.9213,1885.691,3.13007
0.859,111.5426,1887.3435,3.13011
0.858,111.168,1889.001,3.13015
0.857,110.7975,1890.6634,3.13018
0.856,110.4311,1892.3307,3.13022
0.855,110.0686,1894.0031,3.13026
0.854,109.7099,1895.6805,3.1303
0.853,109.3552,1897.3629,3.13033
0.852,109.0041,1899.0503,3.13037
0.851,108.6568,1900.7428,3.13041
0.85,108.313,1902.4405,3.13045
0.849,107.9729,1904.1432,3.13049
0.848,107.6363,1905.8511,3.13053
0.847,107.3031,1907.5641,3.13057
0.846,106.9733,1909.2823,3.13061
0.845,106.6469,1911.0057,3.13065
0.844,106.3238,1912.7344,3.13068
0.843,106.0039,1914.4683,3.13072
0.842,105.6872,1916.2074,3.13076
0.841,105.3737,1917.9519,3.13081
0.84,105.0632,1919.7016,3.13085
0.839,104.7558,1921.4567,3.13089
0.838,104.4514,1923.2172,3.13093
0.837,104.15,1924.983,3.13097
0.836,103.8515,1926.7543,3.13101
0.835,103.5558,1928.5309,3.13105
0.834,103.2629,1930.313,3.13109
0.833,102.9729,1932.1006,3.13114
0.832,102.6856,1933.8937,3.13118
0.831,102.401,1935.6923,3.13122
0.83,102.119,1937.4965,3.13126
0.829,101.8397,1939.3062,3.13131
0.828,101.5629,1941.1216,3.13135
0.827,101.2887,1942.9425,3.13139
0.826,101.0171,1944.7691,3.13143
0.825,100.7479,1946.6013,3.13148
0.824,100.4811,1948.4392,3.13152
0.823,100.2168,1950.2829,3.13157
0.822,99.9548,1952.1323,3.13161
0.821,99.6952,1953.9874,3.13166
0.82,99.4379,1955.8484,3.1317
0.819,99.1829,1957.7152,3.13174
0.818,98.9301,1959.5878,3.13179
0.817,98.6796,1961.4662,3.13184
0.816,98.4312,1963.3506,3.13188
0.815,98.185,1965.2409,3.13193
0.814,97.941,1967.1371,3.13197
0.813,97.699,1969.0393,3.13202
0.812,97.4592,1970.9475,3.13207
0.811,97.2213,1972.8617,3.13211
0.81,96.9856,1974.7819,3.13216
0.809,96.7518,1976.7083,3.13221
0.808,96.5199,1978.6407,3.13225
0.807,96.2901,1980.5793,3.1323
0.806,96.0621,1982.524,3.13235
0.805,95.8361,1984.4749,3.1324
0.804,95.6119,1986.432,3.13245
0.803,95.3896,1988.3954,3.13249
0.802,95.1691,1990.365,3.13254
0.801,94.9505,1992.3409,3.13259
0.8,94.7336,1994.3232,3.13264
0.799,94.5185,1996.3118,3.13269
0.798,94.3051,1998.3067,3.13274
0.797,94.0935,2000.3081,3.13279
0.796,93.8835,2002.316,3.13284
0.795,93.6753,2004.3302,3.13289
0.794,93.4687,2006.351,3.13294
0.793,93.2637,2008.3783,3.13299
0.792,93.0604,2010.4122,3.13304
0.791,92.8587,2012.4527,3.13309
0.79,92.6585,2014.4997,3.13315
0.789,92.46,2016.5534,3.1332
0.788,92.263,2018.6138,3.13325
0.787,92.0675,2020.6809,3.1333
0.786,91.8735,2022.7547,3.13335
0.785,91.6811,2024.8353,3.13341
0.784,91.4901,2026.9227,3.13346
0.783,91.3006,2029.0169,3.13351
0.782,91.1125,2031.118,3.13357
0.781,90.9259,2033.2259,3.13362
0.78,90.7407,2035.3408,3.13367
0.779,90.5569,2037.4627,3.13373
0.778,90.3745,2039.5915,3.13378
0.777,90.1935,2041.7273,3.13384
0.776,90.0138,2043.8702,3.13389
0.775,89.8355,2046.0202,3.13395
0.774,89.6585,2048.1773,3.134
0.773,89.4828,2050.3415,3.13406
0.772,89.3084,2052.5129,3.13412
0.771,89.1353,2054.6916,3.13417
0.77,88.9635,2056.8775,3.13423
0.769,88.793,2059.0706,3.13428
0.768,88.6237,2061.2711,3.13434
0.767,88.4556,2063.479,3.1344
0.766,88.2888,2065.6942,3.13446
0.765,88.1231,2067.9168,3.13451
0.764,87.9587,2070.1469,3.13457
0.763,87.7955,2072.3845,3.13463
0.762,87.6334,2074.6296,3.13469
0.761,87.4725,2076.8823,3.13475
0.76,87.3128,2079.1426,3.13481
0.759,87.1542,2081.4105,3.13487
0.758,86.9967,2083.6861,3.13493
0.757,86.8404,2085.9693,3.13499
0.756,86.6851,2088.2604,3.13505
0.755,86.531,2090.5592,3.13511
0.754,86.378,2092.8658,3.13517
0.753,86.226,2095.1802,3.13523
0.752,86.0751,2097.5026,3.13529
0.751,85.9252,2099.8329,3.13535
0.75,85.7764,2102.1711,3.13541
0.749,85.6287,2104.5174,3.13547
0.748,85.482,2106.8717,3.13554
0.747,85.3363,2109.2341,3.1356
0.746,85.1916,2111.6045,3.13566
0.745,85.0479,2113.9832,3.13572
0.744,84.9052,2116.3701,3.13579
0.743,84.7634,2118.7651,3.13585
0.742,84.6227,2121.1685,3.13592
0.741,84.4829,2123.5802,3.13598
0.74,84.3441,2126.0002,3.13604
0.739,84.2062,2128.4287,3.13611
0.738,84.0693,2130.8656,3.13617
0.737,83.9333,2133.3109,3.13624
0.736,83.7982,2135.7648,3.1363
0.735,83.664,2138.2273,3.13637
0.734,83.5308,2140.6983,3.13644
0.733,83.3984,2143.178,3.1365
0.732,83.2669,2145.6664,3.13657
0.731,83.1364,2148.1636,3.13664
0.73,83.0067,2150.6695,3.1367
0.729,82.8778,2153.1842,3.13677
0.728,82.7499,2155.7078,3.13684
0.727,82.6228,2158.2403,3.13691
0.726,82.4965,2160.7818,3.13698
0.725,82.3711,2163.3322,3.13705
0.724,82.2465,2165.8917,3.13711
0.723,82.1228,2168.4603,3.13718
0.722,81.9998,2171.038,3.13725
0.721,81.8777,2173.6248,3.13732
0.72,81.7564,2176.2209,3.13739
0.719,81.6359,2178.8263,3.13746
0.718,81.5162,2181.441,3.13754
0.717,81.3972,2184.065,3.13761
0.716,81.2791,2186.6985,3.13768
0.715,81.1617,2189.3414,3.13775
0.714,81.0452,2191.9938,3.13782
0.713,80.9293,2194.6558,3.13789
0.712,80.8143,2197.3273,3.13797
0.711,80.7,2200.0086,3.13804
0.71,80.5864,2202.6995,3.13811
0.709,80.4736,2205.4001,3.13819
0.708,80.3615,2208.1106,3.13826
0.707,80.2501,2210.8309,3.13834
0.706,80.1395,2213.5611,3.13841
0.705,80.0296,2216.3012,3.13848
0.704,79.9204,2219.0514,3.13856
0.703,79.8119,2221.8116,3.13864
0.702,79.7041,2224.5819,3.13871
0.701,79.5971,2227.3623,3.13879
0.7,79.4907,2230.153,3.13886
0.699,79.385,2232.9539,3.13894
0.698,79.28,2235.7651,3.13902
0.697,79.1756,2238.5867,3.1391
0.696,79.072,2241.4187,3.13917
0.695,78.969,2244.2612,3.13925
0.694,78.8667,2247.1142,3.13933
0.693,78.765,2249.9778,3.13941
0.692,78.664,2252.852,3.13949
0.691,78.5637,2255.7369,3.13957
0.69,78.464,2258.6325,3.13965
0.689,78.3649,2261.539,3.13973
0.688,78.2665,2264.4563,3.13981
0.687,78.1687,2267.3846,3.13989
0.686,78.0716,2270.3238,3.13997
0.685,77.975,2273.274,3.14005
0.684,77.8791,2276.2354,3.14013
0.683,77.7838,2279.2079,3.14021
0.682,77.6892,2282.1916,3.1403
0.681,77.5951,2285.1865,3.14038
0.68,77.5017,2288.1928,3.14046
0.679,77.4088,2291.2105,3.14055
0.678,77.3165,2294.2397,3.14063
0.677,77.2249,2297.2803,3.14071
0.676,77.1338,2300.3325,3.1408
0.675,77.0433,2303.3964,3.14088
0.674,76.9534,2306.4719,3.14097
0.673,76.8641,2309.5592,3.14106
0.672,76.7754,2312.6584,3.14114
0.671,76.6872,2315.7694,3.14123
0.67,76.5996,2318.8923,3.14131
0.669,76.5126,2322.0273,3.1414
0.668,76.4261,2325.1744,3.14149
0.667,76.3402,2328.3336,3.14158
0.666,76.2548,2331.505,3.14166
0.665,76.17,2334.6887,3.14175
0.664,76.0858,2337.8847,3.14184
0.663,76.0021,2341.0931,3.14193
0.662,75.9189,2344.3141,3.14202
0.661,75.8363,2347.5475,3.14211
0.66,75.7542,2350.7936,3.1422
0.659,75.6727,2354.0524,3.14229
0.658,75.5917,2357.3239,3.14238
0.657,75.5112,2360.6083,3.14247
0.656,75.4312,2363.9055,3.14257
0.655,75.3518,2367.2157,3.14266
0.654,75.2728,2370.539,3.14275
0.653,75.1944,2373.8754,3.14284
0.652,75.1165,2377.2249,3.14294
0.651,75.0392,2380.5877,3.14303
0.65,74.9623,2383.9639,3.14312
0.649,74.8859,2387.3534,3.14322
0.648,74.81,2390.7565,3.14331
0.647,74.7347,2394.173,3.14341
0.646,74.6598,2397.6033,3.1435
0.645,74.5855,2401.0472,3.1436
0.644,74.5116,2404.5049,3.1437
0.643,74.4382,2407.9765,3.14379
0.642,74.3653,2411.462,3.14389
0.641,74.2929,2414.9615,3.14399
0.64,74.2209,2418.4752,3.14409
0.639,74.1495,2422.003,3.14418
0.638,74.0785,2425.5451,3.14428
0.637,74.008,2429.1015,3.14438
0.636,73.938,2432.6723,3.14448
0.635,73.8685,2436.2577,3.14458
0.634,73.7994,2439.8576,3.14468
0.633,73.7308,2443.4722,3.14478
0.632,73.6626,2447.1016,3.14488
0.631,73.5949,2450.7458,3.14499
0.63,73.5277,2454.405,3.14509
0.629,73.4609,2458.0791,3.14519
0.628,73.3946,2461.7684,3.14529
0.627,73.3288,2465.4728,3.1454
0.626,73.2634,2469.1925,3.1455
0.625,73.1984,2472.9276,3.1456
0.624,73.1339,2476.6781,3.14571
0.623,73.0699,2480.4442,3.14581
0.622,73.0063,2484.2259,3.14592
0.621,72.9431,2488.0234,3.14602
0.62,72.8804,2491.8366,3.14613
0.619,72.8181,2495.6658,3.14624
0.618,72.7562,2499.511,3.14634
0.617,72.6948,2503.3722,3.14645
0.616,72.6338,2507.2497,3.14656
0.615,72.5733,2511.1434,3.14667
0.614,72.5131,2515.0536,3.14678
0.613,72.4535,2518.9802,3.14688
0.612,72.3942,2522.9234,3.14699
0.611,72.3353,2526.8833,3.1471
0.61,72.2769,2530.8599,3.14721
0.609,72.2189,2534.8534,3.14733
0.608,72.1614,2538.864,3.14744
0.607,72.1042,2542.8915,3.14755
0.606,72.0475,2546.9363,3.14766
0.605,71.9911,2550.9984,3.14777
0.604,71.9352,2555.0778,3.14789
0.603,71.8797,2559.1748,3.148
0.602,71.8247,2563.2893,3.14811
0.601,71.77,2567.4216,3.14823
0.6,71.7157,2571.5717,3.14834
0.599,71.6619,2575.7397,3.14846
0.598,71.6084,2579.9257,3.14858
0.597,71.5553,2584.1299,3.14869
0.596,71.5027,2588.3523,3.14881
0.595,71.4505,2592.5931,3.14893
0.594,71.3986,2596.8524,3.14904
0.593,71.3472,2601.1302,3.14916
0.592,71.2961,2605.4268,3.14928
0.591,71.2455,2609.7422,3.1494
0.59,71.1952,2614.0765,3.14952
0.589,71.1453,2618.4299,3.14964
0.588,71.0959,2622.8024,3.14976
0.587,71.0468,2627.1943,3.14988
0.586,70.9981,2631.6055,3.15
0.585,70.9498,2636.0363,3.15012
0.584,70.9019,2640.4868,3.15025
0.583,70.8544,2644.957,3.15037
0.582,70.8072,2649.4471,3.15049
0.581,70.7605,2653.9572,3.15062
0.58,70.7141,2658.4875,3.15074
0.579,70.6681,2663.0381,3.15087
0.578,70.6225,2667.6091,3.15099
0.577,70.5773,2672.2006,3.15112
0.576,70.5325,2676.8128,3.15125
0.575,70.488,2681.4457,3.15137
0.574,70.4439,2686.0996,3.1515
0.573,70.4002,2690.7746,3.15163
0.572,70.3569,2695.4708,3.15176
0.571,70.3139,2700.1883,3.15189
0.57,70.2714,2704.9272,3.15201
0.569,70.2292,2709.6878,3.15214
0.568,70.1873,2714.4701,3.15228
0.567,70.1459,2719.2743,3.15241
0.566,70.1048,2724.1005,3.15254
0.565,70.0641,2728.9489,3.15267
0.564,70.0237,2733.8196,3.1528
0.563,69.9837,2738.7128,3.15294
0.562,69.9441,2743.6285,3.15307
0.561,69.9049,2748.567,3.1532
0.56,69.866,2753.5284,3.15334
0.559,69.8275,2758.5129,3.15347
0.558,69.7893,2763.5205,3.15361
0.557,69.7515,2768.5516,3.15375
0.556,69.7141,2773.6061,3.15388
0.555,69.6771,2778.6842,3.15402
0.554,69.6404,2783.7862,3.15416
0.553,69.604,2788.9122,3.1543
0.552,69.5681,2794.0623,3.15444
0.551,69.5325,2799.2366,3.15458
0.55,69.4972,2804.4355,3.15472
0.549,69.4623,2809.6589,3.15486
0.548,69.4278,2814.9072,3.155
0.547,69.3936,2820.1803,3.15514
0.546,69.3598,2825.4786,3.15528
0.545,69.3263,2830.8022,3.15542
0.544,69.2932,2836.1512,3.15557
0.543,69.2605,2841.5259,3.15571
0.542,69.2281,2846.9263,3.15586
0.541,69.1961,2852.3527,3.156
0.54,69.1644,2857.8053,3.15615
0.539,69.1331,2863.2842,3.15629
0.538,69.1021,2868.7896,3.15644
0.537,69.0715,2874.3217,3.15659
0.536,69.0413,2879.8806,3.15674
0.535,69.0114,2885.4666,3.15689
0.534,68.9818,2891.0799,3.15703
0.533,68.9526,2896.7205,3.15718
0.532,68.9238,2902.3888,3.15733
0.531,68.8953,2908.0849,3.15749
0.53,68.8672,2913.8089,3.15764
0.529,68.8394,2919.5612,3.15779
0.528,68.812,2925.3419,3.15794
0.527,68.7849,2931.1511,3.1581
0.526,68.7582,2936.9891,3.15825
0.525,68.7318,2942.8561,3.1584
0.524,68.7058,2948.7523,3.15856
0.523,68.6801,2954.6779,3.15872
0.522,68.6548,2960.633,3.15887
0.521,68.6298,2966.618,3.15903
0.52,68.6052,2972.633,3.15919
0.519,68.5809,2978.6783,3.15935
0.518,68.557,2984.7539,3.1595
0.517,68.5334,2990.8603,3.15966
0.516,68.5102,2996.9975,3.15982
0.515,68.4873,3003.1658,3.15999
0.514,68.4648,3009.3654,3.16015
0.513,68.4426,3015.5966,3.16031
0.512,68.4208,3021.8595,3.16047
0.511,68.3993,3028.1545,3.16064
0.51,68.3782,3034.4816,3.1608
0.509,68.3574,3040.8413,3.16096
0.508,68.337,3047.2336,3.16113
0.507,68.3169,3053.6588,3.1613
0.506,68.2972,3060.1173,3.16146
0.505,68.2779,3066.6091,3.16163
0.504,68.2588,3073.1346,3.1618
0.503,68.2402,3079.694,3.16197
0.502,68.2219,3086.2876,3.16214
0.501,68.2039,3092.9156,3.16231
0.5,68.1863,3099.5782,3.16248
0.499,68.169,3106.2757,3.16265
0.498,68.1521,3113.0084,3.16282
0.497,68.1355,3119.7766,3.16299
0.496,68.1193,3126.5804,3.16317
0.495,68.1035,3133.4202,3.16334
0.494,68.088,3140.2962,3.16351
0.493,68.0728,3147.2087,3.16369
0.492,68.058,3154.158,3.16387
0.491,68.0436,3161.1443,3.16404
0.49,68.0295,3168.168,3.16422
0.489,68.0157,3175.2292,3.1644
0.488,68.0024,3182.3284,3.16458
0.487,67.9893,3189.4657,3.16476
0.486,67.9767,3196.6415,3.16494
0.485,67.9643,3203.856,3.16512
0.484,67.9524,3211.1096,3.1653
0.483,67.9408,3218.4026,3.16548
0.482,67.9295,3225.7352,3.16567
0.481,67.9186,3233.1077,3.16585
0.48,67.9081,3240.5206,3.16603
0.479,67.8979,3247.9739,3.16622
0.478,67.8881,3255.4682,3.16641
0.477,67.8786,3263.0037,3.16659
0.476,67.8696,3270.5807,3.16678
0.475,67.8608,3278.1995,3.16697
0.474,67.8524,3285.8605,3.16716
0.473,67.8444,3293.564,3.16735
0.472,67.8368,3301.3104,3.16754
0.471,67.8295,3309.0999,3.16773
0.47,67.8225,3316.9329,3.16792
0.469,67.816,3324.8097,3.16811
0.468,67.8098,3332.7308,3.16831
0.467,67.8039,3340.6964,3.1685
0.466,67.7985,3348.7069,3.1687
0.465,67.7934,3356.7626,3.16889
0.464,67.7886,3364.8639,3.16909
0.463,67.7843,3373.0113,3.16929
0.462,67.7803,3381.2049,3.16949
0.461,67.7766,3389.4453,3.16968
0.46,67.7734,3397.7328,3.16988
0.459,67.7705,3406.0678,3.17009
0.458,67.768,3414.4506,3.17029
0.457,67.7658,3422.8816,3.17049
0.456,67.7641,3431.3613,3.17069
0.455,67.7627,3439.89,3.1709
0.454,67.7617,3448.4681,3.1711
0.453,67.761,3457.0961,3.17131
0.452,67.7607,3465.7743,3.17151
0.451,67.7609,3474.5031,3.17172
0.45,67.7613,3483.283,3.17193
0.449,67.7622,3492.1144,3.17214
0.448,67.7635,3500.9977,3.17235
0.447,67.7651,3509.9334,3.17256
0.446,67.7671,3518.9218,3.17277
0.445,67.7695,3527.9635,3.17298
0.444,67.7723,3537.0588,3.17319
0.443,67.7755,3546.2082,3.17341
0.442,67.7791,3555.4122,3.17362
0.441,67.783,3564.6712,3.17384
0.44,67.7873,3573.9857,3.17405
0.439,67.7921,3583.3561,3.17427
0.438,67.7972,3592.783,3.17449
0.437,67.8027,3602.2668,3.17471
0.436,67.8086,3611.8079,3.17493
0.435,67.8149,3621.407,3.17515
0.434,67.8216,3631.0644,3.17537
0.433,67.8288,3640.7807,3.17559
0.432,67.8363,3650.5563,3.17582
0.431,67.8442,3660.3919,3.17604
0.43,67.8525,3670.2879,3.17626
0.429,67.8612,3680.2448,3.17649
0.428,67.8703,3690.2631,3.17672
0.427,67.8798,3700.3434,3.17695
0.426,67.8898,3710.4863,3.17717
0.425,67.9001,3720.6922,3.1774
0.424,67.9108,3730.9618,3.17763
0.423,67.922,3741.2956,3.17787
0.422,67.9336,3751.6941,3.1781
0.421,67.9456,3762.1579,3.17833
0.42,67.958,3772.6877,3.17857
0.419,67.9708,3783.2839,3.1788
0.418,67.9841,3793.9472,3.17904
0.417,67.9978,3804.6782,3.17928
0.416,68.0119,3815.4775,3.17951
0.415,68.0264,3826.3456,3.17975
0.414,68.0413,3837.2833,3.17999
0.413,68.0567,3848.2911,3.18023
0.412,68.0725,3859.3697,3.18048
0.411,68.0888,3870.5197,3.18072
0.41,68.1055,3881.7417,3.18096
0.409,68.1226,3893.0365,3.18121
0.408,68.1401,3904.4046,3.18145
0.407,68.1581,3915.8468,3.1817
0.406,68.1765,3927.3637,3.18195
0.405,68.1954,3938.956,3.1822
0.404,68.2148,3950.6245,3.18245
0.403,68.2345,3962.3697,3.1827
0.402,68.2547,3974.1925,3.18295
0.401,68.2754,3986.0935,3.1832
0.4,68.2966,3998.0735,3.18346
0.399,68.3181,4010.1331,3.18371
0.398,68.3402,4022.2733,3.18397
0.397,68.3627,4034.4946,3.18423
0.396,68.3857,4046.798,3.18448
0.395,68.4091,4059.1841,3.18474
0.394,68.433,4071.6537,3.185
0.393,68.4574,4084.2076,3.18526
0.392,68.4822,4096.8467,3.18553
0.391,68.5075,4109.5717,3.18579
0.39,68.5333,4122.3834,3.18605
0.389,68.5596,4135.2828,3.18632
0.388,68.5863,4148.2706,3.18659
0.387,68.6136,4161.3476,3.18685
0.386,68.6413,4174.5149,3.18712
0.385,68.6695,4187.7731,3.18739
0.384,68.6982,4201.1233,3.18766
0.383,68.7274,4214.5662,3.18794
0.382,68.7571,4228.1029,3.18821
0.381,68.7873,4241.7342,3.18848
0.38,68.818,4255.4611,3.18876
0.379,68.8492,4269.2845,3.18904
0.378,68.8809,4283.2053,3.18931
0.377,68.9131,4297.2246,3.18959
0.376,68.9459,4311.3432,3.18987
0.375,68.9791,4325.5623,3.19015
0.374,69.0129,4339.8827,3.19044
0.373,69.0472,4354.3056,3.19072
0.372,69.082,4368.8319,3.191
0.371,69.1173,4383.4627,3.19129
0.37,69.1532,4398.199,3.19158
0.369,69.1896,4413.042,3.19186
0.368,69.2266,4427.9926,3.19215
0.367,69.2641,4443.052,3.19244
0.366,69.3021,4458.2214,3.19274
0.365,69.3407,4473.5017,3.19303
0.364,69.3798,4488.8943,3.19332
0.363,69.4195,4504.4002,3.19362
0.362,69.4598,4520.0206,3.19391
0.361,69.5006,4535.7566,3.19421
0.36,69.542,4551.6096,3.19451
0.359,69.5839,4567.5807,3.19481
0.358,69.6264,4583.6711,3.19511
0.357,69.6695,4599.8822,3.19542
0.356,69.7132,4616.2151,3.19572
0.355,69.7574,4632.6712,3.19602
0.354,69.8023,4649.2518,3.19633
0.353,69.8477,4665.9581,3.19664
0.352,69.8937,4682.7916,3.19695
0.351,69.9404,4699.7536,3.19726
0.35,69.9876,4716.8454,3.19757
0.349,70.0354,4734.0685,3.19788
0.348,70.0839,4751.4242,3.1982
0.347,70.1329,4768.9141,3.19851
0.346,70.1826,4786.5396,3.19883
0.345,70.2329,4804.3021,3.19915
0.344,70.2838,4822.2031,3.19947
0.343,70.3354,4840.2442,3.19979
0.342,70.3876,4858.4268,3.20011
0.341,70.4404,4876.7527,3.20043
0.34,70.4939,4895.2232,3.20076
0.339,70.5481,4913.8401,3.20108
0.338,70.6029,4932.605,3.20141
0.337,70.6583,4951.5195,3.20174
0.336,70.7144,4970.5853,3.20207
0.335,70.7712,4989.804,3.2024
0.334,70.8287,5009.1775,3.20273
0.333,70.8868,5028.7074,3.20307
0.332,70.9456,5048.3956,3.2034
0.331,71.0051,5068.2438,3.20374
0.33,71.0653,5088.2538,3.20408
0.329,71.1262,5108.4276,3.20442
0.328,71.1879,5128.7669,3.20476
0.327,71.2502,5149.2737,3.2051
0.326,71.3132,5169.95,3.20545
0.325,71.377,5190.7976,3.20579
0.324,71.4415,5211.8186,3.20614
0.323,71.5067,5233.015,3.20649
0.322,71.5726,5254.3889,3.20684
0.321,71.6393,5275.9423,3.20719
0.32,71.7068,5297.6773,3.20755
0.319,71.775,5319.5962,3.2079
0.318,71.844,5341.701,3.20826
0.317,71.9137,5363.994,3.20861
0.316,71.9842,5386.4774,3.20897
0.315,72.0555,5409.1536,3.20933
0.314,72.1276,5432.0248,3.2097
0.313,72.2005,5455.0933,3.21006
0.312,72.2742,5478.3616,3.21042
0.311,72.3486,5501.8321,3.21079
0.31,72.4239,5525.5073,3.21116
0.309,72.5001,5549.3896,3.21153
0.308,72.577,5573.4816,3.2119
0.307,72.6548,5597.7859,3.21227
0.306,72.7334,5622.305,3.21265
0.305,72.8129,5647.0417,3.21303
0.304,72.8932,5671.9987,3.2134
0.303,72.9744,5697.1786,3.21378
0.302,73.0565,5722.5844,3.21416
0.301,73.1395,5748.2187,3.21455
0.3,73.2233,5774.0846,3.21493
0.299,73.308,5800.1849,3.21532
0.298,73.3937,5826.5226,3.2157
0.297,73.4802,5853.1007,3.21609
0.296,73.5677,5879.9224,3.21648
0.295,73.6561,5906.9906,3.21688
0.294,73.7454,5934.3087,3.21727
0.293,73.8357,5961.8798,3.21767
0.292,73.9269,5989.7072,3.21807
0.291,74.0191,6017.7942,3.21847
0.29,74.1122,6046.1443,3.21887
0.289,74.2064,6074.7608,3.21927
0.288,74.3015,6103.6473,3.21967
0.287,74.3976,6132.8074,3.22008
0.286,74.4948,6162.2446,3.22049
0.285,74.5929,6191.9627,3.2209
0.284,74.6921,6221.9653,3.22131
0.283,74.7923,6252.2564,3.22172
0.282,74.8936,6282.8398,3.22214
0.281,74.9959,6313.7194,3.22256
0.28,75.0993,6344.8992,3.22297
0.279,75.2038,6376.3834,3.2234
0.278,75.3094,6408.176,3.22382
0.277,75.416,6440.2814,3.22424
0.276,75.5238,6472.7037,3.22467
0.275,75.6327,6505.4474,3.2251
0.274,75.7427,6538.517,3.22553
0.273,75.8539,6571.9169,3.22596
0.272,75.9663,6605.6518,3.22639
0.271,76.0798,6639.7263,3.22683
0.27,76.1944,6674.1453,3.22727
0.269,76.3103,6708.9136,3.2277
0.268,76.4274,6744.0362,3.22815
0.267,76.5457,6779.518,3.22859
0.266,76.6652,6815.3643,3.22903
0.265,76.786,6851.5803,3.22948
0.264,76.908,6888.1713,3.22993
0.263,77.0313,6925.1426,3.23038
0.262,77.1559,6962.4999,3.23083
0.261,77.2818,7000.2488,3.23129
0.26,77.409,7038.3949,3.23175
0.259,77.5375,7076.9442,3.23221
0.258,77.6673,7115.9025,3.23267
0.257,77.7985,7155.276,3.23313
0.256,77.9311,7195.0708,3.2336
0.255,78.0651,7235.2931,3.23406
0.254,78.2004,7275.9495,3.23453
0.253,78.3372,7317.0464,3.235
0.252,78.4754,7358.5906,3.23548
0.251,78.6151,7400.5887,3.23595
0.25,78.7562,7443.0477,3.23643
0.249,78.8988,7485.9747,3.23691
0.248,79.0429,7529.3768,3.23739
0.247,79.1885,7573.2614,3.23788
0.246,79.3357,7617.6361,3.23836
0.245,79.4844,7662.5083,3.23885
0.244,79.6346,7707.8859,3.23934
0.243,79.7865,7753.7768,3.23983
0.242,79.9399,7800.1891,3.24033
0.241,80.095,7847.1311,3.24083
0.24,80.2517,7894.6112,3.24132
0.239,80.4101,7942.638,3.24183
0.238,80.5702,7991.2202,3.24233
0.237,80.732,8040.3669,3.24284
0.236,80.8955,8090.0871,3.24334
0.235,81.0607,8140.3902,3.24386
0.234,81.2277,8191.2857,3.24437
0.233,81.3965,8242.7833,3.24488
0.232,81.5671,8294.8929,3.2454
0.231,81.7396,8347.6247,3.24592
0.23,81.9139,8400.989,3.24644
0.229,82.09,8454.9964,3.24697
0.228,82.2681,8509.6576,3.24749
0.227,82.4481,8564.9837,3.24802
0.226,82.6301,8620.986,3.24856
0.225,82.814,8677.6759,3.24909
0.224,83,8735.0652,3.24963
0.223,83.1879,8793.1659,3.25017
0.222,83.378,8851.9903,3.25071
0.221,83.5701,8911.5509,3.25125
0.22,83.7643,8971.8605,3.2518
0.219,83.9606,9032.9323,3.25235
0.218,84.1592,9094.7796,3.2529
0.217,84.3599,9157.4161,3.25345
0.216,84.5628,9220.8559,3.25401
0.215,84.768,9285.1132,3.25457
0.214,84.9755,9350.2028,3.25513
0.213,85.1853,9416.1396,3.25569
0.212,85.3974,9482.9389,3.25626
0.211,85.6119,9550.6164,3.25683
0.21,85.8289,9619.1882,3.2574
0.209,86.0482,9688.6707,3.25797
0.208,86.2701,9759.0806,3.25855
0.207,86.4945,9830.4353,3.25913
0.206,86.7214,9902.7523,3.25971
0.205,86.9509,9976.0496,3.2603
0.204,87.1831,10050.3457,3.26088
0.203,87.4179,10125.6596,3.26147
0.202,87.6554,10202.0105,3.26207
0.201,87.8957,10279.4183,3.26266
0.2,88.1387,10357.9033,3.26326
0.199,88.3845,10437.4864,3.26386
0.198,88.6333,10518.1888,3.26447
0.197,88.8849,10600.0325,3.26507
0.196,89.1395,10683.0398,3.26568
0.195,89.397,10767.2336,3.26629
0.194,89.6576,10852.6376,3.26691
0.193,89.9213,10939.2758,3.26753
0.192,90.1882,11027.173,3.26815
0.191,90.4582,11116.3546,3.26877
0.19,90.7314,11206.8467,3.2694
0.189,91.0079,11298.6759,3.27003
0.188,91.2878,11391.8696,3.27066
0.187,91.571,11486.4559,3.2713
0.186,91.8577,11582.4638,3.27193
0.185,92.1479,11679.9228,3.27257
0.184,92.4416,11778.8634,3.27322
0.183,92.7389,11879.3167,3.27387
0.182,93.0399,11981.3149,3.27452
0.181,93.3446,12084.8908,3.27517
0.18,93.6531,12190.0782,3.27583
0.179,93.9655,12296.912,3.27648
0.178,94.2817,12405.4278,3.27715
0.177,94.602,12515.6623,3.27781
0.176,94.9263,12627.6533,3.27848
0.175,95.2547,12741.4394,3.27915
0.174,95.5872,12857.0605,3.27983
0.173,95.9241,12974.5577,3.2805
0.172,96.2652,13093.973,3.28118
0.171,96.6108,13215.3499,3.28187
0.17,96.9608,13338.7329,3.28256
0.169,97.3154,13464.1678,3.28325
0.168,97.6746,13591.7021,3.28394
0.167,98.0386,13721.3842,3.28464
0.166,98.4073,13853.2643,3.28534
0.165,98.7809,13987.3939,3.28604
0.164,99.1595,14123.826,3.28675
0.163,99.5432,14262.6154,3.28746
0.162,99.9321,14403.8184,3.28817
0.161,100.3262,14547.493,3.28889
0.16,100.7256,14693.699,3.2896
0.159,101.1305,14842.4982,3.29033
0.158,101.541,14993.9542,3.29105
0.157,101.9571,15148.1325,3.29178
0.156,102.379,15305.1007,3.29252
0.155,102.8067,15464.9287,3.29325
0.154,103.2405,15627.6884,3.29399
0.153,103.6804,15793.4542,3.29474
0.152,104.1265,15962.3028,3.29548
0.151,104.5789,16134.3133,3.29623
0.15,105.0378,16309.5677,3.29699
0.149,105.5033,16488.1503,3.29775
0.148,105.9756,16670.1485,3.29851
0.147,106.4547,16855.6526,3.29927
0.146,106.9409,17044.7557,3.30004
0.145,107.4342,17237.5543,3.30081
0.144,107.9348,17434.1481,3.30158
0.143,108.4429,17634.6402,3.30236
0.142,108.9586,17839.1374,3.30314
0.141,109.482,18047.75,3.30393
0.14,110.0134,18260.5923,3.30472
0.139,110.5529,18477.7827,3.30551
0.138,111.1007,18699.4438,3.30631
0.137,111.657,18925.7024,3.30711
0.136,112.2219,19156.6902,3.30791
0.135,112.7956,19392.5436,3.30872
0.134,113.3784,19633.4037,3.30953
0.133,113.9704,19879.4173,3.31034
0.132,114.5719,20130.7363,3.31116
0.131,115.1831,20387.5185,3.31198
0.13,115.8041,20649.9277,3.31281
0.129,116.4352,20918.1338,3.31364
0.128,117.0767,21192.3133,3.31447
0.127,117.7288,21472.6496,3.31531
0.126,118.3917,21759.3332,3.31615
0.125,119.0657,22052.5622,3.31699
0.124,119.7511,22352.5424,3.31784
0.123,120.4481,22659.4879,3.3187
0.122,121.1571,22973.6217,3.31955
0.121,121.8783,23295.1755,3.32041
0.12,122.612,23624.3908,3.32127
0.119,123.3586,23961.5188,3.32214
0.118,124.1183,24306.8216,3.32301
0.117,124.8915,24660.5721,3.32389
0.116,125.6785,25023.0547,3.32476
0.115,126.4798,25394.5663,3.32565
0.114,127.2957,25775.4164,3.32653
0.113,128.1265,26165.928,3.32742
0.112,128.9726,26566.4386,3.32832
0.111,129.8346,26977.3004,3.32921
0.11,130.7127,27398.8816,3.33011
0.109,131.6075,27831.5669,3.33102
0.108,132.5194,28275.7588,3.33193
0.107,133.4489,28731.8781,3.33284
0.106,134.3965,29200.3655,3.33375
0.105,135.3627,29681.6823,3.33467
0.104,136.3479,30176.3115,3.3356
0.103,137.3529,30684.7597,3.33653
0.102,138.3782,31207.5576,3.33746
0.101,139.4242,31745.2623,3.33839
0.1,140.4918,32298.4579,3.33933
0.099,141.5815,32867.7582,3.34027
0.098,142.694,33453.8076,3.34122
0.097,143.83,34057.2835,3.34217
0.096,144.9902,34678.8981,3.34312
0.095,146.1754,35319.4009,3.34408
0.094,147.3865,35979.5805,3.34503
0.093,148.6241,36660.2677,3.346
0.092,149.8892,37362.3379,3.34697
0.091,151.1827,38086.7141,3.34794
0.09,152.5056,38834.37,3.34891
0.089,153.8587,39606.3337,3.34989
0.088,155.2432,40403.6908,3.35087
0.087,156.6601,41227.5889,3.35185
0.086,158.1105,42079.2417,3.35284
0.085,159.5957,42959.9335,3.35383
0.084,161.1168,43871.0243,3.35482
0.083,162.6751,44813.9555,3.35581
0.082,164.2721,45790.2554,3.35681
0.081,165.9091,46801.546,3.35782
0.08,167.5876,47849.5496,3.35882
0.079,169.3092,48936.0968,3.35983
0.078,171.0755,50063.1343,3.36084
0.077,172.8884,51232.7344,3.36185
0.076,174.7495,52447.1047,3.36287
0.075,176.6608,53708.5985,3.36388
0.074,178.6244,55019.7272,3.3649
0.073,180.6424,56383.1728,3.36592
0.072,182.7171,57801.8024,3.36695
0.071,184.8507,59278.6831,3.36797
0.07,187.0459,60817.1,3.369
0.069,189.3054,62420.5744,3.37003
0.068,191.6318,64092.885,3.37106
0.067,194.0283,65838.0905,3.37209
0.066,196.4979,67660.5553,3.37312
0.065,199.0441,69564.9772,3.37416
0.064,201.6704,71556.4193,3.37519
0.063,204.3806,73640.3438,3.37623
0.062,207.1788,75822.6514,3.37726
0.061,210.0692,78109.7235,3.3783
0.06,213.0565,80508.4709,3.37933
0.059,216.1455,83026.387,3.38037
0.058,219.3415,85671.608,3.3814
0.057,222.6501,88452.981,3.38244
0.056,226.0773,91380.1392,3.38347
0.055,229.6294,94463.5881,3.3845
0.054,233.3135,97714.8023,3.38553
0.053,237.137,101146.3347,3.38655
0.052,241.1078,104771.9413,3.38757
0.051,245.2345,108606.722,3.38859
0.05,249.5265,112667.2826,3.38961
0.049,253.9939,116971.9185,3.39062
0.048,258.6475,121540.8259,3.39163
0.047,263.4991,126396.3448,3.39263
0.046,268.5616,131563.2385,3.39362
0.045,273.849,137069.0166,3.39461
0.044,279.3764,142944.3104,3.39559
0.043,285.1606,149223.3078,3.39657
0.042,291.2197,155944.2632,3.39753
0.041,297.5738,163150.0921,3.39848
0.04,304.2448,170889.0722,3.39943
0.039,311.257,179215.6694,3.40036
0.038,318.637,188191.5168,3.40127
0.037,326.4145,197886.5794,3.40218
0.036,334.6224,208380.5464,3.40306
0.035,343.2972,219764.5023,3.40393
0.034,352.48,232142.9438,3.40479
0.033,362.2164,245636.2262,3.40561
0.032,372.558,260383.5468,3.40642
0.031,383.5629,276546.6051,3.4072
0.03,395.2968,294314.1211,3.40796
0.029,407.8344,313907.4489,3.40868
0.028,421.2611,335587.6007,3.40937
0.027,435.6747,359664.1013,3.41002
0.026,451.1879,386506.2385,3.41063
0.025,467.9313,416557.4811,3.41119
0.024,486.0569,450354.1249,3.4117
0.023,505.743,488549.6458,3.41215
0.022,527.1997,531946.8466,3.41253
0.021,550.6766,581540.7807,3.41284
0.02,576.4725,638576.7874,3.41306
0.019,604.9482,704630.0314,3.41318
0.018,636.5429,781716.1487,3.41319
0.017,671.7976,872447.6983,3.41305
0.016,711.3852,980259.4024,3.41275
0.015,756.1541,1109738.96,3.41226
0.014,807.1887,1267123.848,3.41151
0.013,865.8967,1461066.214,3.41046
0.012,934.1394,1703844.091,3.40901
0.011,1014.4278,2013341.456,3.40704
0.01,1110.23,2416405.035,3.40435